{
	"dimensions":[
		{
			"dimension":0,
			"ores":[
				{
					"__comment":"These settings are roughly equivalent to the parameters of the CUSTOM world json: blockID = the unlocalized name of a block in the format 'ModID:blockName',blockMeta = the meta data value for the block (optional),size = number of blocks to spawn per ore deposit, variation = vary the size of deposits by +/- this amount, frequency = number of deposits per chunk (can be less than 1, e.g. 0.5 for 1 deposit every 2 chunks), minHeight = minimum spawn height, maxHeight = maximum spawn height, biomes = array of biomes to spawn this ore in (if empty or absent, the ore will spawn in all biomes). Note that the size values in the Minecraft CUSTOM world json do not represent the actual number of blocks spawned, where-as the size value here does represent actual number of blocks. ",
					"blockID":"minecraft:coal_ore",
					"size":25,
					"variation":12,
					"frequency":20,
					"minHeight":0,
					"maxHeight":128,
					"biomes":[]
				},
				{
					"blockID":"minecraft:iron_ore",
					"size":8,
					"variation":4,
					"frequency":20,
					"minHeight":0,
					"maxHeight":64,
					"biomes":[]
				},
				{
					"blockID":"minecraft:gold_ore",
					"size":8,
					"variation":2,
					"frequency":2,
					"minHeight":0,
					"maxHeight":32,
					"biomes":[]
				},
				{
					"blockID":"minecraft:diamond_ore",
					"size":6,
					"variation":3,
					"frequency":1,
					"minHeight":0,
					"maxHeight":16,
					"biomes":[]
				},
				{
					"blockID":"minecraft:redstone_ore",
					"size":6,
					"variation":3,
					"frequency":8,
					"minHeight":0,
					"maxHeight":16,
					"biomes":[]
				},
				{
					"blockID":"minecraft:lapis_ore",
					"size":5,
					"variation":2,
					"frequency":1,
					"minHeight":0,
					"maxHeight":32,
					"biomes":[]
				},
				{
					"blockID":"minecraft:emerald_ore",
					"size":1,
					"variation":0,
					"frequency":8,
					"minHeight":4,
					"maxHeight":32,
					"biomes":["Extreme Hills Edge","Extreme Hills"]
				},
				{
					"blockID":"minecraft:dirt",
					"size":112,
					"variation":50,
					"frequency":10,
					"minHeight":0,
					"maxHeight":255,
					"biomes":[]
				},
				{
					"blockID":"minecraft:gravel",
					"size":112,
					"variation":50,
					"frequency":8,
					"minHeight":0,
					"maxHeight":255,
					"biomes":[]
				},
				{
					"__comment":"granite",
					"blockID":"minecraft:stone",
					"blockMeta":1,
					"size":112,
					"variation":50,
					"frequency":10,
					"minHeight":0,
					"maxHeight":255,
					"biomes":[]
				},
				{
					"__comment":"diorite",
					"blockID":"minecraft:stone",
					"blockMeta":3,
					"size":112,
					"variation":50,
					"frequency":10,
					"minHeight":0,
					"maxHeight":255,
					"biomes":[]
				},
				{
					"__comment":"andesite",
					"blockID":"minecraft:stone",
					"blockMeta":5,
					"size":112,
					"variation":50,
					"frequency":10,
					"minHeight":0,
					"maxHeight":255,
					"biomes":[]
				},
			]
		},
		{
			"dimension":-1,
			"ores":[
				{
					"blockID":"minecraft:quartz_ore",
					"size":15,
					"variation":4,
					"frequency":7,
					"minHeight":0,
					"maxHeight":128,
					"biomes":[]
				}
			]
		}
	]
}
