{
    "pools": [
        {
			"__comment":"25% chance of a rare metal tool",
            "rolls": 1,
            "entries": [
                {
                    "type": "empty",
                    "weight": 540,
                },
				{
                    "type": "item",
                    "name": "basemetals:invar_axe",
                    "weight": 3,
                    "functions": [
                        {
                            "function": "minecraft:enchant_with_levels",
                            "levels": 20,
                            "treasure": true
                        }
                    ]
                },
				{
                    "type": "item",
                    "name": "basemetals:invar_boots",
                    "weight": 3,
                    "functions": [
                        {
                            "function": "minecraft:enchant_with_levels",
                            "levels": 20,
                            "treasure": true
                        }
                    ]
                },
				{
                    "type": "item",
                    "name": "basemetals:invar_chestplate",
                    "weight": 3,
                    "functions": [
                        {
                            "function": "minecraft:enchant_with_levels",
                            "levels": 20,
                            "treasure": true
                        }
                    ]
                },
				{
                    "type": "item",
                    "name": "basemetals:invar_helmet",
                    "weight": 3,
                    "functions": [
                        {
                            "function": "minecraft:enchant_with_levels",
                            "levels": 20,
                            "treasure": true
                        }
                    ]
                },
				{
                    "type": "item",
                    "name": "basemetals:invar_hoe",
                    "weight": 3,
                    "functions": [
                        {
                            "function": "minecraft:enchant_with_levels",
                            "levels": 20,
                            "treasure": true
                        }
                    ]
                },
				{
                    "type": "item",
                    "name": "basemetals:invar_leggings",
                    "weight": 3,
                    "functions": [
                        {
                            "function": "minecraft:enchant_with_levels",
                            "levels": 20,
                            "treasure": true
                        }
                    ]
                },
				{
                    "type": "item",
                    "name": "basemetals:invar_pickaxe",
                    "weight": 3,
                    "functions": [
                        {
                            "function": "minecraft:enchant_with_levels",
                            "levels": 20,
                            "treasure": true
                        }
                    ]
                },
				{
                    "type": "item",
                    "name": "basemetals:invar_shovel",
                    "weight": 3,
                    "functions": [
                        {
                            "function": "minecraft:enchant_with_levels",
                            "levels": 20,
                            "treasure": true
                        }
                    ]
                },
				{
                    "type": "item",
                    "name": "basemetals:invar_sword",
                    "weight": 3,
                    "functions": [
                        {
                            "function": "minecraft:enchant_with_levels",
                            "levels": 20,
                            "treasure": true
                        }
                    ]
                },
				{
                    "type": "item",
                    "name": "basemetals:invar_crackhammer",
                    "weight": 3,
                    "functions": [
                        {
                            "function": "minecraft:enchant_with_levels",
                            "levels": 20,
                            "treasure": true
                        }
                    ]
                },
				
				{
                    "type": "item",
                    "name": "basemetals:coldiron_axe",
                    "weight": 3,
                    "functions": [
                        {
                            "function": "minecraft:enchant_with_levels",
                            "levels": 20,
                            "treasure": true
                        }
                    ]
                },
				{
                    "type": "item",
                    "name": "basemetals:coldiron_boots",
                    "weight": 3,
                    "functions": [
                        {
                            "function": "minecraft:enchant_with_levels",
                            "levels": 20,
                            "treasure": true
                        }
                    ]
                },
				{
                    "type": "item",
                    "name": "basemetals:coldiron_chestplate",
                    "weight": 3,
                    "functions": [
                        {
                            "function": "minecraft:enchant_with_levels",
                            "levels": 20,
                            "treasure": true
                        }
                    ]
                },
				{
                    "type": "item",
                    "name": "basemetals:coldiron_helmet",
                    "weight": 3,
                    "functions": [
                        {
                            "function": "minecraft:enchant_with_levels",
                            "levels": 20,
                            "treasure": true
                        }
                    ]
                },
				{
                    "type": "item",
                    "name": "basemetals:coldiron_hoe",
                    "weight": 3,
                    "functions": [
                        {
                            "function": "minecraft:enchant_with_levels",
                            "levels": 20,
                            "treasure": true
                        }
                    ]
                },
				{
                    "type": "item",
                    "name": "basemetals:coldiron_leggings",
                    "weight": 3,
                    "functions": [
                        {
                            "function": "minecraft:enchant_with_levels",
                            "levels": 20,
                            "treasure": true
                        }
                    ]
                },
				{
                    "type": "item",
                    "name": "basemetals:coldiron_pickaxe",
                    "weight": 3,
                    "functions": [
                        {
                            "function": "minecraft:enchant_with_levels",
                            "levels": 20,
                            "treasure": true
                        }
                    ]
                },
				{
                    "type": "item",
                    "name": "basemetals:coldiron_shovel",
                    "weight": 3,
                    "functions": [
                        {
                            "function": "minecraft:enchant_with_levels",
                            "levels": 20,
                            "treasure": true
                        }
                    ]
                },
				{
                    "type": "item",
                    "name": "basemetals:coldiron_sword",
                    "weight": 3,
                    "functions": [
                        {
                            "function": "minecraft:enchant_with_levels",
                            "levels": 20,
                            "treasure": true
                        }
                    ]
                },
				{
                    "type": "item",
                    "name": "basemetals:coldiron_crackhammer",
                    "weight": 3,
                    "functions": [
                        {
                            "function": "minecraft:enchant_with_levels",
                            "levels": 20,
                            "treasure": true
                        }
                    ]
                },
				
				{
                    "type": "item",
                    "name": "basemetals:mithril_axe",
                    "weight": 3,
                    "functions": [
                        {
                            "function": "minecraft:enchant_with_levels",
                            "levels": 20,
                            "treasure": true
                        }
                    ]
                },
				{
                    "type": "item",
                    "name": "basemetals:mithril_boots",
                    "weight": 3,
                    "functions": [
                        {
                            "function": "minecraft:enchant_with_levels",
                            "levels": 20,
                            "treasure": true
                        }
                    ]
                },
				{
                    "type": "item",
                    "name": "basemetals:mithril_chestplate",
                    "weight": 3,
                    "functions": [
                        {
                            "function": "minecraft:enchant_with_levels",
                            "levels": 20,
                            "treasure": true
                        }
                    ]
                },
				{
                    "type": "item",
                    "name": "basemetals:mithril_helmet",
                    "weight": 3,
                    "functions": [
                        {
                            "function": "minecraft:enchant_with_levels",
                            "levels": 20,
                            "treasure": true
                        }
                    ]
                },
				{
                    "type": "item",
                    "name": "basemetals:mithril_hoe",
                    "weight": 3,
                    "functions": [
                        {
                            "function": "minecraft:enchant_with_levels",
                            "levels": 20,
                            "treasure": true
                        }
                    ]
                },
				{
                    "type": "item",
                    "name": "basemetals:mithril_leggings",
                    "weight": 3,
                    "functions": [
                        {
                            "function": "minecraft:enchant_with_levels",
                            "levels": 20,
                            "treasure": true
                        }
                    ]
                },
				{
                    "type": "item",
                    "name": "basemetals:mithril_pickaxe",
                    "weight": 3,
                    "functions": [
                        {
                            "function": "minecraft:enchant_with_levels",
                            "levels": 20,
                            "treasure": true
                        }
                    ]
                },
				{
                    "type": "item",
                    "name": "basemetals:mithril_shovel",
                    "weight": 3,
                    "functions": [
                        {
                            "function": "minecraft:enchant_with_levels",
                            "levels": 20,
                            "treasure": true
                        }
                    ]
                },
				{
                    "type": "item",
                    "name": "basemetals:mithril_sword",
                    "weight": 3,
                    "functions": [
                        {
                            "function": "minecraft:enchant_with_levels",
                            "levels": 20,
                            "treasure": true
                        }
                    ]
                },
				{
                    "type": "item",
                    "name": "basemetals:mithril_crackhammer",
                    "weight": 3,
                    "functions": [
                        {
                            "function": "minecraft:enchant_with_levels",
                            "levels": 20,
                            "treasure": true
                        }
                    ]
                },
				
				{
                    "type": "item",
                    "name": "basemetals:aquarium_axe",
                    "weight": 3,
                    "functions": [
                        {
                            "function": "minecraft:enchant_with_levels",
                            "levels": 20,
                            "treasure": true
                        }
                    ]
                },
				{
                    "type": "item",
                    "name": "basemetals:aquarium_boots",
                    "weight": 3,
                    "functions": [
                        {
                            "function": "minecraft:enchant_with_levels",
                            "levels": 20,
                            "treasure": true
                        }
                    ]
                },
				{
                    "type": "item",
                    "name": "basemetals:aquarium_chestplate",
                    "weight": 3,
                    "functions": [
                        {
                            "function": "minecraft:enchant_with_levels",
                            "levels": 20,
                            "treasure": true
                        }
                    ]
                },
				{
                    "type": "item",
                    "name": "basemetals:aquarium_helmet",
                    "weight": 3,
                    "functions": [
                        {
                            "function": "minecraft:enchant_with_levels",
                            "levels": 20,
                            "treasure": true
                        }
                    ]
                },
				{
                    "type": "item",
                    "name": "basemetals:aquarium_hoe",
                    "weight": 3,
                    "functions": [
                        {
                            "function": "minecraft:enchant_with_levels",
                            "levels": 20,
                            "treasure": true
                        }
                    ]
                },
				{
                    "type": "item",
                    "name": "basemetals:aquarium_leggings",
                    "weight": 3,
                    "functions": [
                        {
                            "function": "minecraft:enchant_with_levels",
                            "levels": 20,
                            "treasure": true
                        }
                    ]
                },
				{
                    "type": "item",
                    "name": "basemetals:aquarium_pickaxe",
                    "weight": 3,
                    "functions": [
                        {
                            "function": "minecraft:enchant_with_levels",
                            "levels": 20,
                            "treasure": true
                        }
                    ]
                },
				{
                    "type": "item",
                    "name": "basemetals:aquarium_shovel",
                    "weight": 3,
                    "functions": [
                        {
                            "function": "minecraft:enchant_with_levels",
                            "levels": 20,
                            "treasure": true
                        }
                    ]
                },
				{
                    "type": "item",
                    "name": "basemetals:aquarium_sword",
                    "weight": 3,
                    "functions": [
                        {
                            "function": "minecraft:enchant_with_levels",
                            "levels": 20,
                            "treasure": true
                        }
                    ]
                },
				{
                    "type": "item",
                    "name": "basemetals:aquarium_crackhammer",
                    "weight": 3,
                    "functions": [
                        {
                            "function": "minecraft:enchant_with_levels",
                            "levels": 20,
                            "treasure": true
                        }
                    ]
                },
				
				{
                    "type": "item",
                    "name": "basemetals:adamantine_axe",
                    "weight": 3,
                },
				{
                    "type": "item",
                    "name": "basemetals:adamantine_boots",
                    "weight": 3,
                },
				{
                    "type": "item",
                    "name": "basemetals:adamantine_chestplate",
                    "weight": 3,
                },
				{
                    "type": "item",
                    "name": "basemetals:adamantine_helmet",
                    "weight": 3,
                },
				{
                    "type": "item",
                    "name": "basemetals:adamantine_hoe",
                    "weight": 3,
                },
				{
                    "type": "item",
                    "name": "basemetals:adamantine_leggings",
                    "weight": 3,
                },
				{
                    "type": "item",
                    "name": "basemetals:adamantine_pickaxe",
                    "weight": 3,
                },
				{
                    "type": "item",
                    "name": "basemetals:adamantine_shovel",
                    "weight": 3,
                },
				{
                    "type": "item",
                    "name": "basemetals:adamantine_sword",
                    "weight": 3,
                },
				{
                    "type": "item",
                    "name": "basemetals:adamantine_crackhammer",
                    "weight": 3,
                },
				
				{
                    "type": "item",
                    "name": "basemetals:starsteel_axe",
                    "weight": 3,
                },
				{
                    "type": "item",
                    "name": "basemetals:starsteel_boots",
                    "weight": 3,
                },
				{
                    "type": "item",
                    "name": "basemetals:starsteel_chestplate",
                    "weight": 3,
                },
				{
                    "type": "item",
                    "name": "basemetals:starsteel_helmet",
                    "weight": 3,
                },
				{
                    "type": "item",
                    "name": "basemetals:starsteel_hoe",
                    "weight": 3,
                },
				{
                    "type": "item",
                    "name": "basemetals:starsteel_leggings",
                    "weight": 3,
                },
				{
                    "type": "item",
                    "name": "basemetals:starsteel_pickaxe",
                    "weight": 3,
                },
				{
                    "type": "item",
                    "name": "basemetals:starsteel_shovel",
                    "weight": 3,
                },
				{
                    "type": "item",
                    "name": "basemetals:starsteel_sword",
                    "weight": 3,
                },
				{
                    "type": "item",
                    "name": "basemetals:starsteel_crackhammer",
                    "weight": 3,
                }
            ]
        }
    ]
}