{
    "pools": [
        {
			"__comment":"10% chance per roll of uncommon metal ingots",
            "rolls": {
                "min": 1,
                "max": 2
            },
            "bonus_rolls":1,
            "entries": [
                {
                    "type": "empty",
                    "weight": 162,
                },
                {
                    "type": "item",
                    "name": "minecraft:gold_ingot",
                    "weight": 3,
                    "functions": [
                        {
                            "function": "set_count",
                            "count": {
                                "min": 1,
                                "max": 4
                            }
                        }
                    ]
                },
				{
                    "type": "item",
                    "name": "basemetals:silver_ingot",
                    "weight": 3,
                    "functions": [
                        {
                            "function": "set_count",
                            "count": {
                                "min": 1,
                                "max": 6
                            }
                        }
                    ]
                },
				{
                    "type": "item",
                    "name": "basemetals:nickel_ingot",
                    "weight": 3,
                    "functions": [
                        {
                            "function": "set_count",
                            "count": {
                                "min": 1,
                                "max": 4
                            }
                        }
                    ]
                },
				{
                    "type": "item",
                    "name": "basemetals:electrum_ingot",
                    "weight": 3,
                    "functions": [
                        {
                            "function": "set_count",
                            "count": {
                                "min": 1,
                                "max": 4
                            }
                        }
                    ]
                },
				{
                    "type": "item",
                    "name": "basemetals:steel_ingot",
                    "weight": 3,
                    "functions": [
                        {
                            "function": "set_count",
                            "count": {
                                "min": 3,
                                "max": 12
                            }
                        }
                    ]
                },
				{
                    "type": "item",
                    "name": "basemetals:invar_ingot",
                    "weight": 3,
                    "functions": [
                        {
                            "function": "set_count",
                            "count": {
                                "min": 1,
                                "max": 4
                            }
                        }
                    ]
                }
            ]
        }
    ]
}