{
    "variants": {
        "facing=down":  { "model": "basemetals:cupronickel_plate", "x": 90  },
        "facing=up":    { "model": "basemetals:cupronickel_plate", "x": 270 },
        "facing=north": { "model": "basemetals:cupronickel_plate"           },
        "facing=south": { "model": "basemetals:cupronickel_plate", "y": 180 },
        "facing=west":  { "model": "basemetals:cupronickel_plate", "y": 270 },
        "facing=east":  { "model": "basemetals:cupronickel_plate", "y": 90  }
    }
}
