{
    "pools": [
        {
			"__comment":"25% chance of a common-metal tool",
            "rolls": 1,
            "entries": [
                {
                    "type": "empty",
                    "weight": 450
                },
				{
                    "type": "item",
                    "name": "minecraft:iron_axe",
                    "weight": 3
                },
				{
                    "type": "item",
                    "name": "minecraft:iron_boots",
                    "weight": 3
                },
				{
                    "type": "item",
                    "name": "minecraft:iron_chestplate",
                    "weight": 3
                },
				{
                    "type": "item",
                    "name": "minecraft:iron_helmet",
                    "weight": 3
                },
				{
                    "type": "item",
                    "name": "minecraft:iron_hoe",
                    "weight": 3
                },
				{
                    "type": "item",
                    "name": "minecraft:iron_leggings",
                    "weight": 3
                },
				{
                    "type": "item",
                    "name": "minecraft:iron_pickaxe",
                    "weight": 3
                },
				{
                    "type": "item",
                    "name": "minecraft:iron_shovel",
                    "weight": 3
                },
				{
                    "type": "item",
                    "name": "minecraft:iron_sword",
                    "weight": 3
                },
				{
                    "type": "item",
                    "name": "minecraft:iron_crackhammer",
                    "weight": 3
                },
				
				{
                    "type": "item",
                    "name": "basemetals:tin_axe",
                    "weight": 3
                },
				{
                    "type": "item",
                    "name": "basemetals:tin_boots",
                    "weight": 3
                },
				{
                    "type": "item",
                    "name": "basemetals:tin_chestplate",
                    "weight": 3
                },
				{
                    "type": "item",
                    "name": "basemetals:tin_helmet",
                    "weight": 3
                },
				{
                    "type": "item",
                    "name": "basemetals:tin_hoe",
                    "weight": 3
                },
				{
                    "type": "item",
                    "name": "basemetals:tin_leggings",
                    "weight": 3
                },
				{
                    "type": "item",
                    "name": "basemetals:tin_pickaxe",
                    "weight": 3
                },
				{
                    "type": "item",
                    "name": "basemetals:tin_shovel",
                    "weight": 3
                },
				{
                    "type": "item",
                    "name": "basemetals:tin_sword",
                    "weight": 3
                },
				{
                    "type": "item",
                    "name": "basemetals:tin_crackhammer",
                    "weight": 3
                },
				
				{
                    "type": "item",
                    "name": "basemetals:copper_axe",
                    "weight": 3
                },
				{
                    "type": "item",
                    "name": "basemetals:copper_boots",
                    "weight": 3
                },
				{
                    "type": "item",
                    "name": "basemetals:copper_chestplate",
                    "weight": 3
                },
				{
                    "type": "item",
                    "name": "basemetals:copper_helmet",
                    "weight": 3
                },
				{
                    "type": "item",
                    "name": "basemetals:copper_hoe",
                    "weight": 3
                },
				{
                    "type": "item",
                    "name": "basemetals:copper_leggings",
                    "weight": 3
                },
				{
                    "type": "item",
                    "name": "basemetals:copper_pickaxe",
                    "weight": 3
                },
				{
                    "type": "item",
                    "name": "basemetals:copper_shovel",
                    "weight": 3
                },
				{
                    "type": "item",
                    "name": "basemetals:copper_sword",
                    "weight": 3
                },
				{
                    "type": "item",
                    "name": "basemetals:copper_crackhammer",
                    "weight": 3
                },
				
				{
                    "type": "item",
                    "name": "basemetals:bronze_axe",
                    "weight": 3
                },
				{
                    "type": "item",
                    "name": "basemetals:bronze_boots",
                    "weight": 3
                },
				{
                    "type": "item",
                    "name": "basemetals:bronze_chestplate",
                    "weight": 3
                },
				{
                    "type": "item",
                    "name": "basemetals:bronze_helmet",
                    "weight": 3
                },
				{
                    "type": "item",
                    "name": "basemetals:bronze_hoe",
                    "weight": 3
                },
				{
                    "type": "item",
                    "name": "basemetals:bronze_leggings",
                    "weight": 3
                },
				{
                    "type": "item",
                    "name": "basemetals:bronze_pickaxe",
                    "weight": 3
                },
				{
                    "type": "item",
                    "name": "basemetals:bronze_shovel",
                    "weight": 3
                },
				{
                    "type": "item",
                    "name": "basemetals:bronze_sword",
                    "weight": 3
                },
				{
                    "type": "item",
                    "name": "basemetals:bronze_crackhammer",
                    "weight": 3
                },
				
				{
                    "type": "item",
                    "name": "basemetals:steel_axe",
                    "weight": 3
                },
				{
                    "type": "item",
                    "name": "basemetals:steel_boots",
                    "weight": 3
                },
				{
                    "type": "item",
                    "name": "basemetals:steel_chestplate",
                    "weight": 3
                },
				{
                    "type": "item",
                    "name": "basemetals:steel_helmet",
                    "weight": 3
                },
				{
                    "type": "item",
                    "name": "basemetals:steel_hoe",
                    "weight": 3
                },
				{
                    "type": "item",
                    "name": "basemetals:steel_leggings",
                    "weight": 3
                },
				{
                    "type": "item",
                    "name": "basemetals:steel_pickaxe",
                    "weight": 3
                },
				{
                    "type": "item",
                    "name": "basemetals:steel_shovel",
                    "weight": 3
                },
				{
                    "type": "item",
                    "name": "basemetals:steel_sword",
                    "weight": 3
                },
				{
                    "type": "item",
                    "name": "basemetals:steel_crackhammer",
                    "weight": 3
                }
            ]
        },
		{
			"__comment":"10% chance per roll of uncommon metal ingots",
            "rolls": {
                "min": 1,
                "max": 2
            },
            "bonus_rolls":1,
            "entries": [
                {
                    "type": "empty",
                    "weight": 162
                },
                {
                    "type": "item",
                    "name": "minecraft:gold_ingot",
                    "weight": 3,
                    "functions": [
                        {
                            "function": "set_count",
                            "count": {
                                "min": 1,
                                "max": 4
                            }
                        }
                    ]
                },
				{
                    "type": "item",
                    "name": "basemetals:silver_ingot",
                    "weight": 3,
                    "functions": [
                        {
                            "function": "set_count",
                            "count": {
                                "min": 1,
                                "max": 6
                            }
                        }
                    ]
                },
				{
                    "type": "item",
                    "name": "basemetals:nickel_ingot",
                    "weight": 3,
                    "functions": [
                        {
                            "function": "set_count",
                            "count": {
                                "min": 1,
                                "max": 4
                            }
                        }
                    ]
                },
				{
                    "type": "item",
                    "name": "basemetals:electrum_ingot",
                    "weight": 3,
                    "functions": [
                        {
                            "function": "set_count",
                            "count": {
                                "min": 1,
                                "max": 4
                            }
                        }
                    ]
                },
				{
                    "type": "item",
                    "name": "basemetals:steel_ingot",
                    "weight": 3,
                    "functions": [
                        {
                            "function": "set_count",
                            "count": {
                                "min": 3,
                                "max": 12
                            }
                        }
                    ]
                },
				{
                    "type": "item",
                    "name": "basemetals:invar_ingot",
                    "weight": 3,
                    "functions": [
                        {
                            "function": "set_count",
                            "count": {
                                "min": 1,
                                "max": 4
                            }
                        }
                    ]
                }
            ]
        }
    ]
}