{
    "pools": [
        {
            "rolls": 1,
            "entries": [
				{
                    "type": "item",
                    "name": "minecraft:iron_axe",
                    "weight": 10,
                },
				{
                    "type": "item",
                    "name": "minecraft:iron_boots",
                    "weight": 10,
                },
				{
                    "type": "item",
                    "name": "minecraft:iron_chestplate",
                    "weight": 10,
                },
				{
                    "type": "item",
                    "name": "minecraft:iron_helmet",
                    "weight": 10,
                },
				{
                    "type": "item",
                    "name": "minecraft:iron_hoe",
                    "weight": 10,
                },
				{
                    "type": "item",
                    "name": "minecraft:iron_leggings",
                    "weight": 10,
                },
				{
                    "type": "item",
                    "name": "minecraft:iron_pickaxe",
                    "weight": 10,
                },
				{
                    "type": "item",
                    "name": "minecraft:iron_shovel",
                    "weight": 10,
                },
				{
                    "type": "item",
                    "name": "minecraft:iron_sword",
                    "weight": 10,
                },
				{
                    "type": "item",
                    "name": "minecraft:iron_crackhammer",
                    "weight": 10,
                },
				
				{
                    "type": "item",
                    "name": "basemetals:tin_axe",
                    "weight": 10,
                },
				{
                    "type": "item",
                    "name": "basemetals:tin_boots",
                    "weight": 10,
                },
				{
                    "type": "item",
                    "name": "basemetals:tin_chestplate",
                    "weight": 10,
                },
				{
                    "type": "item",
                    "name": "basemetals:tin_helmet",
                    "weight": 10,
                },
				{
                    "type": "item",
                    "name": "basemetals:tin_hoe",
                    "weight": 10,
                },
				{
                    "type": "item",
                    "name": "basemetals:tin_leggings",
                    "weight": 10,
                },
				{
                    "type": "item",
                    "name": "basemetals:tin_pickaxe",
                    "weight": 10,
                },
				{
                    "type": "item",
                    "name": "basemetals:tin_shovel",
                    "weight": 10,
                },
				{
                    "type": "item",
                    "name": "basemetals:tin_sword",
                    "weight": 10,
                },
				{
                    "type": "item",
                    "name": "basemetals:tin_crackhammer",
                    "weight": 10,
                },
				
				{
                    "type": "item",
                    "name": "basemetals:copper_axe",
                    "weight": 10,
                },
				{
                    "type": "item",
                    "name": "basemetals:copper_boots",
                    "weight": 10,
                },
				{
                    "type": "item",
                    "name": "basemetals:copper_chestplate",
                    "weight": 10,
                },
				{
                    "type": "item",
                    "name": "basemetals:copper_helmet",
                    "weight": 10,
                },
				{
                    "type": "item",
                    "name": "basemetals:copper_hoe",
                    "weight": 10,
                },
				{
                    "type": "item",
                    "name": "basemetals:copper_leggings",
                    "weight": 10,
                },
				{
                    "type": "item",
                    "name": "basemetals:copper_pickaxe",
                    "weight": 10,
                },
				{
                    "type": "item",
                    "name": "basemetals:copper_shovel",
                    "weight": 10,
                },
				{
                    "type": "item",
                    "name": "basemetals:copper_sword",
                    "weight": 10,
                },
				{
                    "type": "item",
                    "name": "basemetals:copper_crackhammer",
                    "weight": 10,
                },
				
				{
                    "type": "item",
                    "name": "basemetals:bronze_axe",
                    "weight": 10,
                },
				{
                    "type": "item",
                    "name": "basemetals:bronze_boots",
                    "weight": 10,
                },
				{
                    "type": "item",
                    "name": "basemetals:bronze_chestplate",
                    "weight": 10,
                },
				{
                    "type": "item",
                    "name": "basemetals:bronze_helmet",
                    "weight": 10,
                },
				{
                    "type": "item",
                    "name": "basemetals:bronze_hoe",
                    "weight": 10,
                },
				{
                    "type": "item",
                    "name": "basemetals:bronze_leggings",
                    "weight": 10,
                },
				{
                    "type": "item",
                    "name": "basemetals:bronze_pickaxe",
                    "weight": 10,
                },
				{
                    "type": "item",
                    "name": "basemetals:bronze_shovel",
                    "weight": 10,
                },
				{
                    "type": "item",
                    "name": "basemetals:bronze_sword",
                    "weight": 10,
                },
				{
                    "type": "item",
                    "name": "basemetals:bronze_crackhammer",
                    "weight": 10,
                },
				
				{
                    "type": "item",
                    "name": "basemetals:steel_axe",
                    "weight": 10,
                },
				{
                    "type": "item",
                    "name": "basemetals:steel_boots",
                    "weight": 10,
                },
				{
                    "type": "item",
                    "name": "basemetals:steel_chestplate",
                    "weight": 10,
                },
				{
                    "type": "item",
                    "name": "basemetals:steel_helmet",
                    "weight": 10,
                },
				{
                    "type": "item",
                    "name": "basemetals:steel_hoe",
                    "weight": 10,
                },
				{
                    "type": "item",
                    "name": "basemetals:steel_leggings",
                    "weight": 10,
                },
				{
                    "type": "item",
                    "name": "basemetals:steel_pickaxe",
                    "weight": 10,
                },
				{
                    "type": "item",
                    "name": "basemetals:steel_shovel",
                    "weight": 10,
                },
				{
                    "type": "item",
                    "name": "basemetals:steel_sword",
                    "weight": 10,
                },
				{
                    "type": "item",
                    "name": "basemetals:steel_crackhammer",
                    "weight": 10,
                }
            ]
        }
    ]
}