{
    "pools": [
        {
            "rolls": 1,
            "entries": [
				{
                    "type": "item",
                    "name": "basemetals:coldiron_ingot",
                    "weight": 40,
                    "functions": [
                        {
                            "function": "set_count",
                            "count": {
                                "min": 1,
                                "max": 4
                            }
                        }
                    ]
                },
				{
                    "type": "item",
                    "name": "basemetals:aquarium_ingot",
                    "weight": 20,
                    "functions": [
                        {
                            "function": "set_count",
                            "count": {
                                "min": 1,
                                "max": 4
                            }
                        }
                    ]
                },
				{
                    "type": "item",
                    "name": "basemetals:mithril_ingot",
                    "weight": 20,
                    "functions": [
                        {
                            "function": "set_count",
                            "count": {
                                "min": 1,
                                "max": 4
                            }
                        }
                    ]
                },
				{
                    "type": "item",
                    "name": "basemetals:adamantine_ingot",
                    "weight": 10,
                    "functions": [
                        {
                            "function": "set_count",
                            "count": {
                                "min": 1,
                                "max": 4
                            }
                        }
                    ]
                },
				{
                    "type": "item",
                    "name": "basemetals:starsteel_ingot",
                    "weight": 5,
                    "functions": [
                        {
                            "function": "set_count",
                            "count": {
                                "min": 1,
                                "max": 4
                            }
                        }
                    ]
                }
            ]
        }
    ]
}